absolute_air_humidity,Run,air_temperature,Assay Type,AvgSpotLen,Bases,BioProject,BioSample,building_occupancy_type,building_setting,built_environment_environmental_package,Bytes,Carbon_dioxide,Center Name,Collection_Date,Consent,DATASTORE filetype,DATASTORE provider,DATASTORE region,ENA-FIRST-PUBLIC (run),ENA-FIRST-PUBLIC,ENA-LAST-UPDATE (run),ENA-LAST-UPDATE,environment_(biome),environment_(feature),environment_(material),Experiment,External_Id,filter_type,geo_loc_name_country,geo_loc_name_country_continent,geographic_location_(country_and/or_sea),geographic_location_(latitude),geographic_location_(longitude),heating_and_cooling_system_type,indoor_space,INSDC_center_alias,INSDC_center_name,INSDC_first_public,INSDC_last_update,INSDC_status,Instrument,Investigation_type,Library Name,LibraryLayout,LibrarySelection,LibrarySource,light_type,occupancy_at_sampling,occupant_density_at_sampling,organism_count,Organism,Platform,project_name,relative_air_humidity,ReleaseDate,create_date,version,Sample Name,Sample_name,Sequencing_method,space_typical_state,SRA Study,Submitter_Id,typical_occupant_density,ventilation_type
0,ERR1332582,0,WGS,202,12538746,PRJEB13117,SAMEA3904661,goverment,urban,built environment,7414219,0,NASEER,2013-05-22,public,"sra,fastq,run.zq","ena,gs,ncbi,s3","s3.us-east-1,ncbi.public,ena,gs.US",2016-05-19,2016-05-19,2018-11-16,2016-10-21,Builtin,hospital,surface,ERX1404174,SAMEA3904661,electrostatic air treatment,USA,North America,USA,41.779857,-87.600099,forced air system,bedroom,Naseer,Naseer,2016-05-19T17:00:53Z,2016-10-21T09:42:54Z,public,Illumina HiSeq 1500,metagenome,unspecified,PAIRED,RANDOM PCR,METAGENOMIC,electric light,100,100,10000,metagenome,ILLUMINA,hospital metagenome,0,2016-05-20T00:00:00Z,2016-05-20T17:48:00Z,1,SAMEA3904661,3687,Illumina,typically occupied,ERP014653,3687,300,mechanical ventilation
0,ERR1332583,0,WGS,202,987999978,PRJEB13117,SAMEA3904663,goverment,urban,built environment,546931612,0,NASEER,2013-05-22,public,"fastq,sra,run.zq","ena,gs,ncbi,s3","ena,ncbi.public,s3.us-east-1,gs.US",2016-05-19,2016-05-19,2018-11-16,2016-10-21,Builtin,hospital,surface,ERX1404175,SAMEA3904663,electrostatic air treatment,USA,North America,USA,41.779857,-87.600099,forced air system,bedroom,Naseer,Naseer,2016-05-19T17:00:53Z,2016-10-21T09:42:54Z,public,Illumina HiSeq 1500,metagenome,unspecified,PAIRED,RANDOM PCR,METAGENOMIC,electric light,100,100,10000,metagenome,ILLUMINA,hospital metagenome,0,2016-05-20T00:00:00Z,2016-05-20T17:49:00Z,1,SAMEA3904663,3689,Illumina,typically occupied,ERP014653,3689,300,mechanical ventilation
0,ERR1332584,0,WGS,202,1220298362,PRJEB13117,SAMEA3904664,goverment,urban,built environment,690276917,0,NASEER,2013-05-22,public,"sra,fastq,run.zq","s3,ena,gs,ncbi","ncbi.public,ena,gs.US,s3.us-east-1",2016-05-19,2016-05-19,2018-11-16,2016-10-21,Builtin,hospital,surface,ERX1404176,SAMEA3904664,electrostatic air treatment,USA,North America,USA,41.779857,-87.600099,forced air system,bedroom,Naseer,Naseer,2016-05-19T17:00:53Z,2016-10-21T09:42:54Z,public,Illumina HiSeq 1500,metagenome,unspecified,PAIRED,RANDOM PCR,METAGENOMIC,electric light,100,100,10000,metagenome,ILLUMINA,hospital metagenome,0,2016-05-20T00:00:00Z,2016-05-20T17:49:00Z,1,SAMEA3904664,3690,Illumina,typically occupied,ERP014653,3690,300,mechanical ventilation
0,ERR1332585,0,WGS,202,3818778286,PRJEB13117,SAMEA3904665,goverment,urban,built environment,2186229529,0,NASEER,2013-05-29,public,"sra,fastq,run.zq","s3,ena,ncbi,gs","gs.US,ena,s3.us-east-1,ncbi.public",2016-05-19,2016-05-19,2018-11-16,2016-10-21,Builtin,hospital,surface,ERX1404177,SAMEA3904665,electrostatic air treatment,USA,North America,USA,41.779857,-87.600099,forced air system,bedroom,Naseer,Naseer,2016-05-19T17:00:53Z,2016-10-21T09:42:54Z,public,Illumina HiSeq 1500,metagenome,unspecified,PAIRED,RANDOM PCR,METAGENOMIC,electric light,100,100,10000,metagenome,ILLUMINA,hospital metagenome,0,2016-05-20T00:00:00Z,2016-05-20T17:50:00Z,1,SAMEA3904665,3924,Illumina,typically occupied,ERP014653,3924,300,mechanical ventilation
0,ERR1332586,0,WGS,202,1294166126,PRJEB13117,SAMEA3904666,goverment,urban,built environment,734640700,0,NASEER,2013-05-29,public,"fastq,run.zq","ncbi,gs,ena","gs.US,ncbi.public,ena",2016-05-19,2016-05-19,2018-11-16,2016-10-21,Builtin,hospital,surface,ERX1404178,SAMEA3904666,electrostatic air treatment,USA,North America,USA,41.779857,-87.600099,forced air system,bedroom,Naseer,Naseer,2016-05-19T17:00:53Z,2016-10-21T09:42:54Z,public,Illumina HiSeq 1500,metagenome,unspecified,PAIRED,RANDOM PCR,METAGENOMIC,electric light,100,100,10000,metagenome,ILLUMINA,hospital metagenome,0,2016-05-20T00:00:00Z,2016-05-20T17:49:00Z,1,SAMEA3904666,3936,Illumina,typically occupied,ERP014653,3936,300,mechanical ventilation
0,ERR1332587,0,WGS,202,2392879678,PRJEB13117,SAMEA3904668,goverment,urban,built environment,1370297722,0,NASEER,2013-06-01,public,"fastq,sra,run.zq","ncbi,gs,ena,s3","ncbi.public,ena,gs.US,s3.us-east-1",2016-05-19,2016-05-19,2018-11-16,2016-10-21,Builtin,hospital,surface,ERX1404179,SAMEA3904668,electrostatic air treatment,USA,North America,USA,41.779857,-87.600099,forced air system,bedroom,Naseer,Naseer,2016-05-19T17:00:53Z,2016-10-21T09:42:54Z,public,Illumina HiSeq 1500,metagenome,unspecified,PAIRED,RANDOM PCR,METAGENOMIC,electric light,100,100,10000,metagenome,ILLUMINA,hospital metagenome,0,2016-05-20T00:00:00Z,2016-05-20T17:51:00Z,1,SAMEA3904668,4052,Illumina,typically occupied,ERP014653,4052,300,mechanical ventilation
0,ERR1332588,0,WGS,202,5053804670,PRJEB13117,SAMEA3904669,goverment,urban,built environment,2798128625,0,NASEER,2013-06-01,public,"run.zq,sra,fastq","gs,ncbi,ena,s3","s3.us-east-1,ena,gs.US,ncbi.public",2016-05-19,2016-05-19,2018-11-16,2016-10-21,Builtin,hospital,surface,ERX1404180,SAMEA3904669,electrostatic air treatment,USA,North America,USA,41.779857,-87.600099,forced air system,bedroom,Naseer,Naseer,2016-05-19T17:00:53Z,2016-10-21T09:42:54Z,public,Illumina HiSeq 1500,metagenome,unspecified,PAIRED,RANDOM PCR,METAGENOMIC,electric light,100,100,10000,metagenome,ILLUMINA,hospital metagenome,0,2016-05-20T00:00:00Z,2016-05-20T17:53:00Z,1,SAMEA3904669,4053,Illumina,typically occupied,ERP014653,4053,300,mechanical ventilation
0,ERR1332589,0,WGS,202,1315657310,PRJEB13117,SAMEA3904670,goverment,urban,built environment,738535458,0,NASEER,2013-06-01,public,"run.zq,fastq,sra","gs,s3,ncbi,ena","ena,s3.us-east-1,ncbi.public,gs.US",2016-05-19,2016-05-19,2018-11-16,2016-10-21,Builtin,hospital,surface,ERX1404181,SAMEA3904670,electrostatic air treatment,USA,North America,USA,41.779857,-87.600099,forced air system,bedroom,Naseer,Naseer,2016-05-19T17:00:53Z,2016-10-21T09:42:54Z,public,Illumina HiSeq 1500,metagenome,unspecified,PAIRED,RANDOM PCR,METAGENOMIC,electric light,100,100,10000,metagenome,ILLUMINA,hospital metagenome,0,2016-05-20T00:00:00Z,2016-05-20T17:52:00Z,1,SAMEA3904670,4055,Illumina,typically occupied,ERP014653,4055,300,mechanical ventilation
0,ERR1332590,0,WGS,202,8096931438,PRJEB13117,SAMEA3904672,goverment,urban,built environment,4581289278,0,NASEER,2013-06-02,public,"run.zq,fastq,sra","gs,s3,ncbi,ena","s3.us-east-1,ena,gs.US,ncbi.public",2016-05-19,2016-05-19,2018-11-16,2016-10-21,Builtin,hospital,surface,ERX1404182,SAMEA3904672,electrostatic air treatment,USA,North America,USA,41.779857,-87.600099,forced air system,bedroom,Naseer,Naseer,2016-05-19T17:00:53Z,2016-10-21T09:42:54Z,public,Illumina HiSeq 1500,metagenome,unspecified,PAIRED,RANDOM PCR,METAGENOMIC,electric light,100,100,10000,metagenome,ILLUMINA,hospital metagenome,0,2016-05-20T00:00:00Z,2016-05-20T17:56:00Z,1,SAMEA3904672,4068,Illumina,typically occupied,ERP014653,4068,300,mechanical ventilation
0,ERR1332591,0,WGS,202,6411392736,PRJEB13117,SAMEA3904673,goverment,urban,built environment,3626878893,0,NASEER,2013-06-03,public,"fastq,sra,run.zq","ena,gs,ncbi,s3","gs.US,ncbi.public,s3.us-east-1,ena",2016-05-19,2016-05-19,2018-11-16,2016-10-21,Builtin,hospital,surface,ERX1404183,SAMEA3904673,electrostatic air treatment,USA,North America,USA,41.779857,-87.600099,forced air system,bedroom,Naseer,Naseer,2016-05-19T17:00:53Z,2016-10-21T09:42:54Z,public,Illumina HiSeq 1500,metagenome,unspecified,PAIRED,RANDOM PCR,METAGENOMIC,electric light,100,100,10000,metagenome,ILLUMINA,hospital metagenome,0,2016-05-20T00:00:00Z,2016-05-20T17:56:00Z,1,SAMEA3904673,4082,Illumina,typically occupied,ERP014653,4082,300,mechanical ventilation
0,ERR1332592,0,WGS,202,12146260,PRJEB13117,SAMEA3904674,goverment,urban,built environment,7304944,0,NASEER,2013-06-03,public,"sra,fastq,run.zq","s3,ena,ncbi,gs","ncbi.public,ena,s3.us-east-1,gs.US",2016-05-19,2016-05-19,2018-11-16,2016-10-21,Builtin,hospital,surface,ERX1404184,SAMEA3904674,electrostatic air treatment,USA,North America,USA,41.779857,-87.600099,forced air system,bedroom,Naseer,Naseer,2016-05-19T17:00:53Z,2016-10-21T09:42:54Z,public,Illumina HiSeq 1500,metagenome,unspecified,PAIRED,RANDOM PCR,METAGENOMIC,electric light,100,100,10000,metagenome,ILLUMINA,hospital metagenome,0,2016-05-20T00:00:00Z,2016-05-20T17:54:00Z,1,SAMEA3904674,4083,Illumina,typically occupied,ERP014653,4083,300,mechanical ventilation
0,ERR1332593,0,WGS,202,6633473556,PRJEB13117,SAMEA3904675,goverment,urban,built environment,3655921888,0,NASEER,2013-06-03,public,"run.zq,sra,fastq","gs,ncbi,ena,s3","gs.US,s3.us-east-1,ena,ncbi.public",2016-05-19,2016-05-19,2018-11-16,2016-10-21,Builtin,hospital,surface,ERX1404185,SAMEA3904675,electrostatic air treatment,USA,North America,USA,41.779857,-87.600099,forced air system,bedroom,Naseer,Naseer,2016-05-19T17:00:53Z,2016-10-21T09:42:54Z,public,Illumina HiSeq 1500,metagenome,unspecified,PAIRED,RANDOM PCR,METAGENOMIC,electric light,100,100,10000,metagenome,ILLUMINA,hospital metagenome,0,2016-05-20T00:00:00Z,2016-05-20T17:58:00Z,1,SAMEA3904675,4084,Illumina,typically occupied,ERP014653,4084,300,mechanical ventilation
0,ERR1332594,0,WGS,202,5728374782,PRJEB13117,SAMEA3904676,goverment,urban,built environment,3246593537,0,NASEER,2013-06-03,public,"fastq,sra,run.zq","ncbi,gs,s3,ena","ncbi.public,gs.US,ena,s3.us-east-1",2016-05-19,2016-05-19,2018-11-16,2016-10-21,Builtin,hospital,surface,ERX1404186,SAMEA3904676,electrostatic air treatment,USA,North America,USA,41.779857,-87.600099,forced air system,bedroom,Naseer,Naseer,2016-05-19T17:00:53Z,2016-10-21T09:42:54Z,public,Illumina HiSeq 1500,metagenome,unspecified,PAIRED,RANDOM PCR,METAGENOMIC,electric light,100,100,10000,metagenome,ILLUMINA,hospital metagenome,0,2016-05-20T00:00:00Z,2016-05-20T18:00:00Z,1,SAMEA3904676,4085,Illumina,typically occupied,ERP014653,4085,300,mechanical ventilation
0,ERR1332595,0,WGS,202,3173240422,PRJEB13117,SAMEA3904677,goverment,urban,built environment,1834724621,0,NASEER,2013-06-04,public,"run.zq,sra,fastq","s3,ena,gs,ncbi","gs.US,ena,s3.us-east-1,ncbi.public",2016-05-19,2016-05-19,2018-11-16,2016-10-21,Builtin,hospital,surface,ERX1404187,SAMEA3904677,electrostatic air treatment,USA,North America,USA,41.779857,-87.600099,forced air system,bedroom,Naseer,Naseer,2016-05-19T17:00:53Z,2016-10-21T09:42:54Z,public,Illumina HiSeq 1500,metagenome,unspecified,PAIRED,RANDOM PCR,METAGENOMIC,electric light,100,100,10000,metagenome,ILLUMINA,hospital metagenome,0,2016-05-20T00:00:00Z,2016-05-20T17:59:00Z,1,SAMEA3904677,4097,Illumina,typically occupied,ERP014653,4097,300,mechanical ventilation
0,ERR1332596,0,WGS,202,1156737648,PRJEB13117,SAMEA3904678,goverment,urban,built environment,678924724,0,NASEER,2013-06-04,public,"sra,run.zq,fastq","gs,ncbi,s3,ena","ena,ncbi.public,s3.us-east-1,gs.US",2016-05-19,2016-05-19,2018-11-16,2016-10-21,Builtin,hospital,surface,ERX1404188,SAMEA3904678,electrostatic air treatment,USA,North America,USA,41.779857,-87.600099,forced air system,bedroom,Naseer,Naseer,2016-05-19T17:00:53Z,2016-10-21T09:42:54Z,public,Illumina HiSeq 1500,metagenome,unspecified,PAIRED,RANDOM PCR,METAGENOMIC,electric light,100,100,10000,metagenome,ILLUMINA,hospital metagenome,0,2016-05-20T00:00:00Z,2016-05-20T18:00:00Z,1,SAMEA3904678,4098,Illumina,typically occupied,ERP014653,4098,300,mechanical ventilation
0,ERR1332597,0,WGS,202,3481653618,PRJEB13117,SAMEA3904679,goverment,urban,built environment,1939993926,0,NASEER,2013-06-04,public,"run.zq,fastq,sra","s3,ncbi,ena,gs","ena,gs.US,s3.us-east-1,ncbi.public",2016-05-19,2016-05-19,2018-11-16,2016-10-21,Builtin,hospital,surface,ERX1404189,SAMEA3904679,electrostatic air treatment,USA,North America,USA,41.779857,-87.600099,forced air system,bedroom,Naseer,Naseer,2016-05-19T17:00:53Z,2016-10-21T09:42:54Z,public,Illumina HiSeq 1500,metagenome,unspecified,PAIRED,RANDOM PCR,METAGENOMIC,electric light,100,100,10000,metagenome,ILLUMINA,hospital metagenome,0,2016-05-20T00:00:00Z,2016-05-20T18:01:00Z,1,SAMEA3904679,4099,Illumina,typically occupied,ERP014653,4099,300,mechanical ventilation
0,ERR1332598,0,WGS,202,579630112,PRJEB13117,SAMEA3904680,goverment,urban,built environment,334496962,0,NASEER,2013-06-04,public,"sra,run.zq,fastq","ncbi,s3,gs,ena","gs.US,ncbi.public,s3.us-east-1,ena",2016-05-19,2016-05-19,2018-11-16,2016-10-21,Builtin,hospital,surface,ERX1404190,SAMEA3904680,electrostatic air treatment,USA,North America,USA,41.779857,-87.600099,forced air system,bedroom,Naseer,Naseer,2016-05-19T17:00:53Z,2016-10-21T09:42:54Z,public,Illumina HiSeq 1500,metagenome,unspecified,PAIRED,RANDOM PCR,METAGENOMIC,electric light,100,100,10000,metagenome,ILLUMINA,hospital metagenome,0,2016-05-20T00:00:00Z,2016-05-20T18:00:00Z,1,SAMEA3904680,4100,Illumina,typically occupied,ERP014653,4100,300,mechanical ventilation
0,ERR1332599,0,WGS,202,4018671426,PRJEB13117,SAMEA3904681,goverment,urban,built environment,2325731688,0,NASEER,2013-06-06,public,"sra,fastq,run.zq","gs,ncbi,ena,s3","gs.US,s3.us-east-1,ena,ncbi.public",2016-05-19,2016-05-19,2018-11-16,2016-10-21,Builtin,hospital,surface,ERX1404191,SAMEA3904681,electrostatic air treatment,USA,North America,USA,41.779857,-87.600099,forced air system,bedroom,Naseer,Naseer,2016-05-19T17:00:53Z,2016-10-21T09:42:54Z,public,Illumina HiSeq 1500,metagenome,unspecified,PAIRED,RANDOM PCR,METAGENOMIC,electric light,100,100,10000,metagenome,ILLUMINA,hospital metagenome,0,2016-05-20T00:00:00Z,2016-05-20T18:02:00Z,1,SAMEA3904681,4245,Illumina,typically occupied,ERP014653,4245,300,mechanical ventilation
0,ERR1332600,0,WGS,202,6848049268,PRJEB13117,SAMEA3904682,goverment,urban,built environment,3835655979,0,NASEER,2013-06-06,public,"sra,fastq,run.zq","gs,ncbi,ena,s3","ena,s3.us-east-1,ncbi.public,gs.US",2016-05-19,2016-05-19,2018-11-16,2016-10-21,Builtin,hospital,surface,ERX1404192,SAMEA3904682,electrostatic air treatment,USA,North America,USA,41.779857,-87.600099,forced air system,bedroom,Naseer,Naseer,2016-05-19T17:00:53Z,2016-10-21T09:42:54Z,public,Illumina HiSeq 1500,metagenome,unspecified,PAIRED,RANDOM PCR,METAGENOMIC,electric light,100,100,10000,metagenome,ILLUMINA,hospital metagenome,0,2016-05-20T00:00:00Z,2016-05-20T18:06:00Z,1,SAMEA3904682,4246,Illumina,typically occupied,ERP014653,4246,300,mechanical ventilation
0,ERR1332601,0,WGS,202,944311620,PRJEB13117,SAMEA3904683,goverment,urban,built environment,548689081,0,NASEER,2013-06-06,public,"sra,run.zq,fastq","s3,ena,gs,ncbi","ena,s3.us-east-1,gs.US,ncbi.public",2016-05-19,2016-05-19,2018-11-16,2016-10-21,Builtin,hospital,surface,ERX1404193,SAMEA3904683,electrostatic air treatment,USA,North America,USA,41.779857,-87.600099,forced air system,bedroom,Naseer,Naseer,2016-05-19T17:00:53Z,2016-10-21T09:42:54Z,public,Illumina HiSeq 1500,metagenome,unspecified,PAIRED,RANDOM PCR,METAGENOMIC,electric light,100,100,10000,metagenome,ILLUMINA,hospital metagenome,0,2016-05-20T00:00:00Z,2016-05-20T18:01:00Z,1,SAMEA3904683,4247,Illumina,typically occupied,ERP014653,4247,300,mechanical ventilation
0,ERR1332602,0,WGS,202,2598463360,PRJEB13117,SAMEA3904684,goverment,urban,built environment,1488952609,0,NASEER,2013-06-06,public,"run.zq,fastq,sra","s3,gs,ncbi,ena","s3.us-east-1,ena,gs.US,ncbi.public",2016-05-19,2016-05-19,2018-11-16,2016-10-21,Builtin,hospital,surface,ERX1404194,SAMEA3904684,electrostatic air treatment,USA,North America,USA,41.779857,-87.600099,forced air system,bedroom,Naseer,Naseer,2016-05-19T17:00:53Z,2016-10-21T09:42:54Z,public,Illumina HiSeq 1500,metagenome,unspecified,PAIRED,RANDOM PCR,METAGENOMIC,electric light,100,100,10000,metagenome,ILLUMINA,hospital metagenome,0,2016-05-20T00:00:00Z,2016-05-20T18:03:00Z,1,SAMEA3904684,4248,Illumina,typically occupied,ERP014653,4248,300,mechanical ventilation
0,ERR1332603,0,WGS,202,6361568426,PRJEB13117,SAMEA3904685,goverment,urban,built environment,3551112114,0,NASEER,2013-06-07,public,"sra,run.zq,fastq","gs,ena,ncbi,s3","ncbi.public,ena,s3.us-east-1,gs.US",2016-05-19,2016-05-19,2018-11-16,2016-10-21,Builtin,hospital,surface,ERX1404195,SAMEA3904685,electrostatic air treatment,USA,North America,USA,41.779857,-87.600099,forced air system,bedroom,Naseer,Naseer,2016-05-19T17:00:53Z,2016-10-21T09:42:54Z,public,Illumina HiSeq 1500,metagenome,unspecified,PAIRED,RANDOM PCR,METAGENOMIC,electric light,100,100,10000,metagenome,ILLUMINA,hospital metagenome,0,2016-05-20T00:00:00Z,2016-05-20T18:05:00Z,1,SAMEA3904685,4260,Illumina,typically occupied,ERP014653,4260,300,mechanical ventilation
0,ERR1332604,0,WGS,202,4452626208,PRJEB13117,SAMEA3904686,goverment,urban,built environment,2518977826,0,NASEER,2013-06-07,public,"fastq,sra,run.zq","ena,ncbi,s3,gs","ena,ncbi.public,s3.us-east-1,gs.US",2016-05-19,2016-05-19,2018-11-16,2016-10-21,Builtin,hospital,surface,ERX1404196,SAMEA3904686,electrostatic air treatment,USA,North America,USA,41.779857,-87.600099,forced air system,bedroom,Naseer,Naseer,2016-05-19T17:00:53Z,2016-10-21T09:42:54Z,public,Illumina HiSeq 1500,metagenome,unspecified,PAIRED,RANDOM PCR,METAGENOMIC,electric light,100,100,10000,metagenome,ILLUMINA,hospital metagenome,0,2016-05-20T00:00:00Z,2016-05-20T18:06:00Z,1,SAMEA3904686,4261,Illumina,typically occupied,ERP014653,4261,300,mechanical ventilation
0,ERR1332605,0,WGS,202,502540044,PRJEB13117,SAMEA3904687,goverment,urban,built environment,291782627,0,NASEER,2013-06-07,public,"fastq,sra,run.zq","s3,gs,ena,ncbi","gs.US,ena,s3.us-east-1,ncbi.public",2016-05-19,2016-05-19,2018-11-16,2016-10-21,Builtin,hospital,surface,ERX1404197,SAMEA3904687,electrostatic air treatment,USA,North America,USA,41.779857,-87.600099,forced air system,bedroom,Naseer,Naseer,2016-05-19T17:00:53Z,2016-10-21T09:42:54Z,public,Illumina HiSeq 1500,metagenome,unspecified,PAIRED,RANDOM PCR,METAGENOMIC,electric light,100,100,10000,metagenome,ILLUMINA,hospital metagenome,0,2016-05-20T00:00:00Z,2016-05-20T18:06:00Z,1,SAMEA3904687,4262,Illumina,typically occupied,ERP014653,4262,300,mechanical ventilation
0,ERR1332606,0,WGS,202,4460954062,PRJEB13117,SAMEA3904688,goverment,urban,built environment,2562511593,0,NASEER,2013-06-07,public,"sra,run.zq,fastq","gs,ncbi,ena,s3","gs.US,ena,s3.us-east-1,ncbi.public",2016-05-19,2016-05-19,2018-11-16,2016-10-21,Builtin,hospital,surface,ERX1404198,SAMEA3904688,electrostatic air treatment,USA,North America,USA,41.779857,-87.600099,forced air system,bedroom,Naseer,Naseer,2016-05-19T17:00:53Z,2016-10-21T09:42:54Z,public,Illumina HiSeq 1500,metagenome,unspecified,PAIRED,RANDOM PCR,METAGENOMIC,electric light,100,100,10000,metagenome,ILLUMINA,hospital metagenome,0,2016-05-20T00:00:00Z,2016-05-20T18:09:00Z,1,SAMEA3904688,4263,Illumina,typically occupied,ERP014653,4263,300,mechanical ventilation
0,ERR1332607,0,WGS,202,2862681986,PRJEB13117,SAMEA3904689,goverment,urban,built environment,1597544111,0,NASEER,2013-08-13,public,"fastq,sra,run.zq","ncbi,gs,ena,s3","s3.us-east-1,gs.US,ena,ncbi.public",2016-05-19,2016-05-19,2018-11-16,2016-10-21,Builtin,hospital,surface,ERX1404199,SAMEA3904689,electrostatic air treatment,USA,North America,USA,41.779857,-87.600099,forced air system,bedroom,Naseer,Naseer,2016-05-19T17:00:53Z,2016-10-21T09:42:54Z,public,Illumina HiSeq 1500,metagenome,unspecified,PAIRED,RANDOM PCR,METAGENOMIC,electric light,100,100,10000,metagenome,ILLUMINA,hospital metagenome,0,2016-05-20T00:00:00Z,2016-05-20T18:08:00Z,1,SAMEA3904689,6327,Illumina,typically occupied,ERP014653,6327,300,mechanical ventilation
0,ERR1332608,0,WGS,202,5835629914,PRJEB13117,SAMEA3904690,goverment,urban,built environment,3265544370,0,NASEER,2013-08-13,public,"sra,run.zq,fastq","gs,s3,ncbi,ena","ncbi.public,s3.us-east-1,ena,gs.US",2016-05-19,2016-05-19,2018-11-16,2016-10-21,Builtin,hospital,surface,ERX1404200,SAMEA3904690,electrostatic air treatment,USA,North America,USA,41.779857,-87.600099,forced air system,bedroom,Naseer,Naseer,2016-05-19T17:00:53Z,2016-10-21T09:42:54Z,public,Illumina HiSeq 1500,metagenome,unspecified,PAIRED,RANDOM PCR,METAGENOMIC,electric light,100,100,10000,metagenome,ILLUMINA,hospital metagenome,0,2016-05-20T00:00:00Z,2016-05-20T18:10:00Z,1,SAMEA3904690,6328,Illumina,typically occupied,ERP014653,6328,300,mechanical ventilation
0,ERR1332609,0,WGS,202,997631742,PRJEB13117,SAMEA3904692,goverment,urban,built environment,557763917,0,NASEER,2013-08-13,public,"sra,run.zq,fastq","ena,gs,ncbi,s3","s3.us-east-1,ncbi.public,ena,gs.US",2016-05-19,2016-05-19,2018-11-16,2016-10-21,Builtin,hospital,surface,ERX1404201,SAMEA3904692,electrostatic air treatment,USA,North America,USA,41.779857,-87.600099,forced air system,bedroom,Naseer,Naseer,2016-05-19T17:00:53Z,2016-10-21T09:42:54Z,public,Illumina HiSeq 1500,metagenome,unspecified,PAIRED,RANDOM PCR,METAGENOMIC,electric light,100,100,10000,metagenome,ILLUMINA,hospital metagenome,0,2016-05-20T00:00:00Z,2016-05-20T18:09:00Z,1,SAMEA3904692,6330,Illumina,typically occupied,ERP014653,6330,300,mechanical ventilation
0,ERR1332610,0,WGS,202,473228834,PRJEB13117,SAMEA3904693,goverment,urban,built environment,275343759,0,NASEER,2013-08-16,public,"run.zq,sra,fastq","ena,ncbi,s3,gs","gs.US,s3.us-east-1,ena,ncbi.public",2016-05-19,2016-05-19,2018-11-16,2016-10-21,Builtin,hospital,surface,ERX1404202,SAMEA3904693,electrostatic air treatment,USA,North America,USA,41.779857,-87.600099,forced air system,bedroom,Naseer,Naseer,2016-05-19T17:00:53Z,2016-10-21T09:42:54Z,public,Illumina HiSeq 1500,metagenome,unspecified,PAIRED,RANDOM PCR,METAGENOMIC,electric light,100,100,10000,metagenome,ILLUMINA,hospital metagenome,0,2016-05-20T00:00:00Z,2016-05-20T18:09:00Z,1,SAMEA3904693,6490,Illumina,typically occupied,ERP014653,6490,300,mechanical ventilation
0,ERR1332611,0,WGS,202,6283909930,PRJEB13117,SAMEA3904694,goverment,urban,built environment,3543132320,0,NASEER,2013-08-16,public,"run.zq,sra,fastq","ena,s3,ncbi,gs","ncbi.public,s3.us-east-1,gs.US,ena",2016-05-19,2016-05-19,2018-11-16,2016-10-21,Builtin,hospital,surface,ERX1404203,SAMEA3904694,electrostatic air treatment,USA,North America,USA,41.779857,-87.600099,forced air system,bedroom,Naseer,Naseer,2016-05-19T17:00:53Z,2016-10-21T09:42:54Z,public,Illumina HiSeq 1500,metagenome,unspecified,PAIRED,RANDOM PCR,METAGENOMIC,electric light,100,100,10000,metagenome,ILLUMINA,hospital metagenome,0,2016-05-20T00:00:00Z,2016-05-20T18:12:00Z,1,SAMEA3904694,6491,Illumina,typically occupied,ERP014653,6491,300,mechanical ventilation
0,ERR1332612,0,WGS,202,110317452,PRJEB13117,SAMEA3904695,goverment,urban,built environment,64107515,0,NASEER,2013-08-16,public,"sra,fastq,run.zq","ncbi,gs,ena,s3","gs.US,ncbi.public,s3.us-east-1,ena",2016-05-19,2016-05-19,2018-11-16,2016-10-21,Builtin,hospital,surface,ERX1404204,SAMEA3904695,electrostatic air treatment,USA,North America,USA,41.779857,-87.600099,forced air system,bedroom,Naseer,Naseer,2016-05-19T17:00:53Z,2016-10-21T09:42:54Z,public,Illumina HiSeq 1500,metagenome,unspecified,PAIRED,RANDOM PCR,METAGENOMIC,electric light,100,100,10000,metagenome,ILLUMINA,hospital metagenome,0,2016-05-20T00:00:00Z,2016-05-20T18:10:00Z,1,SAMEA3904695,6492,Illumina,typically occupied,ERP014653,6492,300,mechanical ventilation
0,ERR1332613,0,WGS,202,1462869860,PRJEB13117,SAMEA3904696,goverment,urban,built environment,844109370,0,NASEER,2013-08-16,public,"fastq,run.zq,sra","ena,s3,ncbi,gs","gs.US,ena,s3.us-east-1,ncbi.public",2016-05-19,2016-05-19,2018-11-16,2016-10-21,Builtin,hospital,surface,ERX1404205,SAMEA3904696,electrostatic air treatment,USA,North America,USA,41.779857,-87.600099,forced air system,bedroom,Naseer,Naseer,2016-05-19T17:00:53Z,2016-10-21T09:42:54Z,public,Illumina HiSeq 1500,metagenome,unspecified,PAIRED,RANDOM PCR,METAGENOMIC,electric light,100,100,10000,metagenome,ILLUMINA,hospital metagenome,0,2016-05-20T00:00:00Z,2016-05-20T18:11:00Z,1,SAMEA3904696,6493,Illumina,typically occupied,ERP014653,6493,300,mechanical ventilation
0,ERR1332614,0,WGS,202,326706922,PRJEB13117,SAMEA3904697,goverment,urban,built environment,184239595,0,NASEER,2013-08-19,public,"sra,run.zq,fastq","s3,ncbi,ena,gs","ena,s3.us-east-1,gs.US,ncbi.public",2016-05-19,2016-05-19,2018-11-16,2016-10-21,Builtin,hospital,surface,ERX1404206,SAMEA3904697,electrostatic air treatment,USA,North America,USA,41.779857,-87.600099,forced air system,bedroom,Naseer,Naseer,2016-05-19T17:00:53Z,2016-10-21T09:42:54Z,public,Illumina HiSeq 1500,metagenome,unspecified,PAIRED,RANDOM PCR,METAGENOMIC,electric light,100,100,10000,metagenome,ILLUMINA,hospital metagenome,0,2016-05-20T00:00:00Z,2016-05-20T18:11:00Z,1,SAMEA3904697,6535,Illumina,typically occupied,ERP014653,6535,300,mechanical ventilation
0,ERR1332615,0,WGS,202,7010233250,PRJEB13117,SAMEA3904698,goverment,urban,built environment,3998144141,0,NASEER,2013-08-19,public,"fastq,sra,run.zq","ena,s3,ncbi,gs","ena,ncbi.public,s3.us-east-1,gs.US",2016-05-19,2016-05-19,2018-11-16,2016-10-21,Builtin,hospital,surface,ERX1404207,SAMEA3904698,electrostatic air treatment,USA,North America,USA,41.779857,-87.600099,forced air system,bedroom,Naseer,Naseer,2016-05-19T17:00:53Z,2016-10-21T09:42:54Z,public,Illumina HiSeq 1500,metagenome,unspecified,PAIRED,RANDOM PCR,METAGENOMIC,electric light,100,100,10000,metagenome,ILLUMINA,hospital metagenome,0,2016-05-20T00:00:00Z,2016-05-20T18:14:00Z,1,SAMEA3904698,6536,Illumina,typically occupied,ERP014653,6536,300,mechanical ventilation
0,ERR1332616,0,WGS,202,10318362,PRJEB13117,SAMEA3904699,goverment,urban,built environment,5812178,0,NASEER,2013-08-19,public,"run.zq,fastq,sra","gs,s3,ena,ncbi","ena,ncbi.public,s3.us-east-1,gs.US",2016-05-19,2016-05-19,2018-11-16,2016-10-21,Builtin,hospital,surface,ERX1404208,SAMEA3904699,electrostatic air treatment,USA,North America,USA,41.779857,-87.600099,forced air system,bedroom,Naseer,Naseer,2016-05-19T17:00:53Z,2016-10-21T09:42:54Z,public,Illumina HiSeq 1500,metagenome,unspecified,PAIRED,RANDOM PCR,METAGENOMIC,electric light,100,100,10000,metagenome,ILLUMINA,hospital metagenome,0,2016-05-20T00:00:00Z,2016-05-20T18:11:00Z,1,SAMEA3904699,6537,Illumina,typically occupied,ERP014653,6537,300,mechanical ventilation
0,ERR1332617,0,WGS,202,3524124522,PRJEB13117,SAMEA3904700,goverment,urban,built environment,1943439547,0,NASEER,2013-08-19,public,"run.zq,sra,fastq","gs,s3,ncbi,ena","ncbi.public,gs.US,s3.us-east-1,ena",2016-05-19,2016-05-19,2018-11-16,2016-10-21,Builtin,hospital,surface,ERX1404209,SAMEA3904700,electrostatic air treatment,USA,North America,USA,41.779857,-87.600099,forced air system,bedroom,Naseer,Naseer,2016-05-19T17:00:53Z,2016-10-21T09:42:54Z,public,Illumina HiSeq 1500,metagenome,unspecified,PAIRED,RANDOM PCR,METAGENOMIC,electric light,100,100,10000,metagenome,ILLUMINA,hospital metagenome,0,2016-05-20T00:00:00Z,2016-05-20T18:13:00Z,1,SAMEA3904700,6538,Illumina,typically occupied,ERP014653,6538,300,mechanical ventilation
0,ERR1332618,0,WGS,202,2740377450,PRJEB13117,SAMEA3904701,goverment,urban,built environment,1543521873,0,NASEER,2013-09-25,public,"sra,fastq,run.zq","s3,gs,ncbi,ena","ncbi.public,ena,s3.us-east-1,gs.US",2016-05-19,2016-05-19,2018-11-16,2016-10-21,Builtin,hospital,surface,ERX1404210,SAMEA3904701,electrostatic air treatment,USA,North America,USA,41.779857,-87.600099,forced air system,bedroom,Naseer,Naseer,2016-05-19T17:00:53Z,2016-10-21T09:42:54Z,public,Illumina HiSeq 1500,metagenome,unspecified,PAIRED,RANDOM PCR,METAGENOMIC,electric light,100,100,10000,metagenome,ILLUMINA,hospital metagenome,0,2016-05-20T00:00:00Z,2016-05-20T18:14:00Z,1,SAMEA3904701,7673,Illumina,typically occupied,ERP014653,7673,300,mechanical ventilation
0,ERR1332619,0,WGS,202,13324526,PRJEB13117,SAMEA3904702,goverment,urban,built environment,7735508,0,NASEER,2013-09-25,public,"run.zq,sra,fastq","gs,ncbi,s3,ena","ena,gs.US,ncbi.public,s3.us-east-1",2016-05-19,2016-05-19,2018-11-16,2016-10-21,Builtin,hospital,surface,ERX1404211,SAMEA3904702,electrostatic air treatment,USA,North America,USA,41.779857,-87.600099,forced air system,bedroom,Naseer,Naseer,2016-05-19T17:00:53Z,2016-10-21T09:42:54Z,public,Illumina HiSeq 1500,metagenome,unspecified,PAIRED,RANDOM PCR,METAGENOMIC,electric light,100,100,10000,metagenome,ILLUMINA,hospital metagenome,0,2016-05-20T00:00:00Z,2016-05-20T18:13:00Z,1,SAMEA3904702,7674,Illumina,typically occupied,ERP014653,7674,300,mechanical ventilation
0,ERR1332620,0,WGS,202,2104234,PRJEB13117,SAMEA3904703,goverment,urban,built environment,1251322,0,NASEER,2013-09-25,public,"sra,run.zq,fastq","gs,ncbi,ena,s3","ena,s3.us-east-1,gs.US,ncbi.public",2016-05-19,2016-05-19,2018-11-16,2016-10-21,Builtin,hospital,surface,ERX1404212,SAMEA3904703,electrostatic air treatment,USA,North America,USA,41.779857,-87.600099,forced air system,bedroom,Naseer,Naseer,2016-05-19T17:00:53Z,2016-10-21T09:42:54Z,public,Illumina HiSeq 1500,metagenome,unspecified,PAIRED,RANDOM PCR,METAGENOMIC,electric light,100,100,10000,metagenome,ILLUMINA,hospital metagenome,0,2016-05-20T00:00:00Z,2016-05-20T18:14:00Z,1,SAMEA3904703,7675,Illumina,typically occupied,ERP014653,7675,300,mechanical ventilation
0,ERR1332621,0,WGS,202,1709073318,PRJEB13117,SAMEA3904704,goverment,urban,built environment,958448288,0,NASEER,2013-09-25,public,"fastq,run.zq,sra","ena,s3,gs,ncbi","s3.us-east-1,gs.US,ena,ncbi.public",2016-05-19,2016-05-19,2018-11-16,2016-10-21,Builtin,hospital,surface,ERX1404213,SAMEA3904704,electrostatic air treatment,USA,North America,USA,41.779857,-87.600099,forced air system,bedroom,Naseer,Naseer,2016-05-19T17:00:53Z,2016-10-21T09:42:54Z,public,Illumina HiSeq 1500,metagenome,unspecified,PAIRED,RANDOM PCR,METAGENOMIC,electric light,100,100,10000,metagenome,ILLUMINA,hospital metagenome,0,2016-05-20T00:00:00Z,2016-05-20T18:14:00Z,1,SAMEA3904704,7676,Illumina,typically occupied,ERP014653,7676,300,mechanical ventilation
0,ERR1332622,0,WGS,202,3568029626,PRJEB13117,SAMEA3904705,goverment,urban,built environment,2043326614,0,NASEER,2013-09-25,public,"run.zq,sra,fastq","ncbi,gs,s3,ena","gs.US,s3.us-east-1,ena,ncbi.public",2016-05-19,2016-05-19,2018-11-16,2016-10-21,Builtin,hospital,surface,ERX1404214,SAMEA3904705,electrostatic air treatment,USA,North America,USA,41.779857,-87.600099,forced air system,bedroom,Naseer,Naseer,2016-05-19T17:00:53Z,2016-10-21T09:42:54Z,public,Illumina HiSeq 1500,metagenome,unspecified,PAIRED,RANDOM PCR,METAGENOMIC,electric light,100,100,10000,metagenome,ILLUMINA,hospital metagenome,0,2016-05-20T00:00:00Z,2016-05-20T18:17:00Z,1,SAMEA3904705,7680,Illumina,typically occupied,ERP014653,7680,300,mechanical ventilation
0,ERR1332623,0,WGS,202,6074266654,PRJEB13117,SAMEA3904706,goverment,urban,built environment,3375733193,0,NASEER,2013-09-25,public,"run.zq,fastq,sra","ncbi,s3,gs,ena","gs.US,ena,ncbi.public,s3.us-east-1",2016-05-19,2016-05-19,2018-11-16,2016-10-21,Builtin,hospital,surface,ERX1404215,SAMEA3904706,electrostatic air treatment,USA,North America,USA,41.779857,-87.600099,forced air system,bedroom,Naseer,Naseer,2016-05-19T17:00:53Z,2016-10-21T09:42:54Z,public,Illumina HiSeq 1500,metagenome,unspecified,PAIRED,RANDOM PCR,METAGENOMIC,electric light,100,100,10000,metagenome,ILLUMINA,hospital metagenome,0,2016-05-20T00:00:00Z,2016-05-20T18:19:00Z,1,SAMEA3904706,7681,Illumina,typically occupied,ERP014653,7681,300,mechanical ventilation
0,ERR1332624,0,WGS,202,184017556,PRJEB13117,SAMEA3904707,goverment,urban,built environment,102862649,0,NASEER,2013-09-25,public,"run.zq,sra,fastq","s3,ncbi,ena,gs","gs.US,ena,s3.us-east-1,ncbi.public",2016-05-19,2016-05-19,2018-11-16,2016-10-21,Builtin,hospital,surface,ERX1404216,SAMEA3904707,electrostatic air treatment,USA,North America,USA,41.779857,-87.600099,forced air system,bedroom,Naseer,Naseer,2016-05-19T17:00:53Z,2016-10-21T09:42:54Z,public,Illumina HiSeq 1500,metagenome,unspecified,PAIRED,RANDOM PCR,METAGENOMIC,electric light,100,100,10000,metagenome,ILLUMINA,hospital metagenome,0,2016-05-20T00:00:00Z,2016-05-20T18:16:00Z,1,SAMEA3904707,7682,Illumina,typically occupied,ERP014653,7682,300,mechanical ventilation
0,ERR1332625,0,WGS,202,1611387128,PRJEB13117,SAMEA3904708,goverment,urban,built environment,953308069,0,NASEER,2013-09-25,public,"sra,run.zq,fastq","s3,gs,ena,ncbi","s3.us-east-1,ena,gs.US,ncbi.public",2016-05-19,2016-05-19,2018-11-16,2016-10-21,Builtin,hospital,surface,ERX1404217,SAMEA3904708,electrostatic air treatment,USA,North America,USA,41.779857,-87.600099,forced air system,bedroom,Naseer,Naseer,2016-05-19T17:00:53Z,2016-10-21T09:42:54Z,public,Illumina HiSeq 1500,metagenome,unspecified,PAIRED,RANDOM PCR,METAGENOMIC,electric light,100,100,10000,metagenome,ILLUMINA,hospital metagenome,0,2016-05-20T00:00:00Z,2016-05-20T18:17:00Z,1,SAMEA3904708,7683,Illumina,typically occupied,ERP014653,7683,300,mechanical ventilation
0,ERR1332626,0,WGS,202,92314,PRJEB13117,SAMEA3904709,goverment,urban,built environment,78469,0,NASEER,2013-10-16,public,"fastq,sra,run.zq","ena,s3,gs,ncbi","ncbi.public,ena,gs.US,s3.us-east-1",2016-05-19,2016-05-19,2018-11-16,2016-10-21,Builtin,hospital,surface,ERX1404218,SAMEA3904709,electrostatic air treatment,USA,North America,USA,41.779857,-87.600099,forced air system,bedroom,Naseer,Naseer,2016-05-19T17:00:53Z,2016-10-21T09:42:54Z,public,Illumina HiSeq 1500,metagenome,unspecified,PAIRED,RANDOM PCR,METAGENOMIC,electric light,100,100,10000,metagenome,ILLUMINA,hospital metagenome,0,2016-05-20T00:00:00Z,2016-05-20T18:17:00Z,1,SAMEA3904709,8384,Illumina,typically occupied,ERP014653,8384,300,mechanical ventilation
0,ERR1332627,0,WGS,202,6201761378,PRJEB13117,SAMEA3904710,goverment,urban,built environment,3471523457,0,NASEER,2013-10-16,public,"sra,fastq,run.zq","ncbi,s3,ena,gs","ncbi.public,ena,gs.US,s3.us-east-1",2016-05-19,2016-05-19,2018-11-16,2016-10-21,Builtin,hospital,surface,ERX1404219,SAMEA3904710,electrostatic air treatment,USA,North America,USA,41.779857,-87.600099,forced air system,bedroom,Naseer,Naseer,2016-05-19T17:00:53Z,2016-10-21T09:42:54Z,public,Illumina HiSeq 1500,metagenome,unspecified,PAIRED,RANDOM PCR,METAGENOMIC,electric light,100,100,10000,metagenome,ILLUMINA,hospital metagenome,0,2016-05-20T00:00:00Z,2016-05-20T18:21:00Z,1,SAMEA3904710,8385,Illumina,typically occupied,ERP014653,8385,300,mechanical ventilation
0,ERR1332628,0,WGS,202,26985584,PRJEB13117,SAMEA3904711,goverment,urban,built environment,15695411,0,NASEER,2013-10-16,public,"fastq,run.zq,sra","gs,ncbi,ena,s3","ena,gs.US,s3.us-east-1,ncbi.public",2016-05-19,2016-05-19,2018-11-16,2016-10-21,Builtin,hospital,surface,ERX1404220,SAMEA3904711,electrostatic air treatment,USA,North America,USA,41.779857,-87.600099,forced air system,bedroom,Naseer,Naseer,2016-05-19T17:00:53Z,2016-10-21T09:42:54Z,public,Illumina HiSeq 1500,metagenome,unspecified,PAIRED,RANDOM PCR,METAGENOMIC,electric light,100,100,10000,metagenome,ILLUMINA,hospital metagenome,0,2016-05-20T00:00:00Z,2016-05-20T18:17:00Z,1,SAMEA3904711,8387,Illumina,typically occupied,ERP014653,8387,300,mechanical ventilation
0,ERR1332629,0,WGS,202,37475040,PRJEB13117,SAMEA3904712,goverment,urban,built environment,21627545,0,NASEER,2013-10-16,public,"run.zq,fastq,sra","gs,ena,s3,ncbi","ncbi.public,ena,gs.US,s3.us-east-1",2016-05-19,2016-05-19,2018-11-16,2016-10-21,Builtin,hospital,surface,ERX1404221,SAMEA3904712,electrostatic air treatment,USA,North America,USA,41.779857,-87.600099,forced air system,bedroom,Naseer,Naseer,2016-05-19T17:00:53Z,2016-10-21T09:42:54Z,public,Illumina HiSeq 1500,metagenome,unspecified,PAIRED,RANDOM PCR,METAGENOMIC,electric light,100,100,10000,metagenome,ILLUMINA,hospital metagenome,0,2016-05-20T00:00:00Z,2016-05-20T18:18:00Z,1,SAMEA3904712,8389,Illumina,typically occupied,ERP014653,8389,300,mechanical ventilation
0,ERR1332630,0,WGS,202,63966330,PRJEB13117,SAMEA3904713,goverment,urban,built environment,36488081,0,NASEER,2013-10-16,public,"run.zq,fastq,sra","gs,ena,ncbi,s3","ena,gs.US,s3.us-east-1,ncbi.public",2016-05-19,2016-05-19,2018-11-16,2016-10-21,Builtin,hospital,surface,ERX1404222,SAMEA3904713,electrostatic air treatment,USA,North America,USA,41.779857,-87.600099,forced air system,bedroom,Naseer,Naseer,2016-05-19T17:00:53Z,2016-10-21T09:42:54Z,public,Illumina HiSeq 1500,metagenome,unspecified,PAIRED,RANDOM PCR,METAGENOMIC,electric light,100,100,10000,metagenome,ILLUMINA,hospital metagenome,0,2016-05-20T00:00:00Z,2016-05-20T18:18:00Z,1,SAMEA3904713,8390,Illumina,typically occupied,ERP014653,8390,300,mechanical ventilation
0,ERR1332631,0,WGS,202,4605364468,PRJEB13117,SAMEA3904714,goverment,urban,built environment,2545839697,0,NASEER,2013-10-16,public,"fastq,run.zq,sra","s3,gs,ncbi,ena","ncbi.public,gs.US,ena,s3.us-east-1",2016-05-19,2016-05-19,2018-11-16,2016-10-21,Builtin,hospital,surface,ERX1404223,SAMEA3904714,electrostatic air treatment,USA,North America,USA,41.779857,-87.600099,forced air system,bedroom,Naseer,Naseer,2016-05-19T17:00:53Z,2016-10-21T09:42:54Z,public,Illumina HiSeq 1500,metagenome,unspecified,PAIRED,RANDOM PCR,METAGENOMIC,electric light,100,100,10000,metagenome,ILLUMINA,hospital metagenome,0,2016-05-20T00:00:00Z,2016-05-20T18:20:00Z,1,SAMEA3904714,8391,Illumina,typically occupied,ERP014653,8391,300,mechanical ventilation
0,ERR1332632,0,WGS,202,520346950,PRJEB13117,SAMEA3904715,goverment,urban,built environment,291210459,0,NASEER,2013-10-16,public,"run.zq,sra,fastq","gs,ena,s3,ncbi","s3.us-east-1,gs.US,ena,ncbi.public",2016-05-19,2016-05-19,2018-11-16,2016-10-21,Builtin,hospital,surface,ERX1404224,SAMEA3904715,electrostatic air treatment,USA,North America,USA,41.779857,-87.600099,forced air system,bedroom,Naseer,Naseer,2016-05-19T17:00:53Z,2016-10-21T09:42:54Z,public,Illumina HiSeq 1500,metagenome,unspecified,PAIRED,RANDOM PCR,METAGENOMIC,electric light,100,100,10000,metagenome,ILLUMINA,hospital metagenome,0,2016-05-20T00:00:00Z,2016-05-20T18:20:00Z,1,SAMEA3904715,8393,Illumina,typically occupied,ERP014653,8393,300,mechanical ventilation
0,ERR1332633,0,WGS,202,667217312,PRJEB13117,SAMEA3904716,goverment,urban,built environment,378715241,0,NASEER,2013-10-16,public,"run.zq,sra,fastq","gs,ncbi,ena,s3","ncbi.public,gs.US,ena,s3.us-east-1",2016-05-19,2016-05-19,2018-11-16,2016-10-21,Builtin,hospital,surface,ERX1404225,SAMEA3904716,electrostatic air treatment,USA,North America,USA,41.779857,-87.600099,forced air system,bedroom,Naseer,Naseer,2016-05-19T17:00:53Z,2016-10-21T09:42:54Z,public,Illumina HiSeq 1500,metagenome,unspecified,PAIRED,RANDOM PCR,METAGENOMIC,electric light,100,100,10000,metagenome,ILLUMINA,hospital metagenome,0,2016-05-20T00:00:00Z,2016-05-20T18:20:00Z,1,SAMEA3904716,8394,Illumina,typically occupied,ERP014653,8394,300,mechanical ventilation
0,ERR1332634,0,WGS,202,200141398,PRJEB13117,SAMEA3904717,goverment,urban,built environment,114262683,0,NASEER,2013-10-16,public,"fastq,run.zq,sra","s3,ncbi,ena,gs","s3.us-east-1,ena,ncbi.public,gs.US",2016-05-19,2016-05-19,2018-11-16,2016-10-21,Builtin,hospital,surface,ERX1404226,SAMEA3904717,electrostatic air treatment,USA,North America,USA,41.779857,-87.600099,forced air system,bedroom,Naseer,Naseer,2016-05-19T17:00:53Z,2016-10-21T09:42:54Z,public,Illumina HiSeq 1500,metagenome,unspecified,PAIRED,RANDOM PCR,METAGENOMIC,electric light,100,100,10000,metagenome,ILLUMINA,hospital metagenome,0,2016-05-20T00:00:00Z,2016-05-20T18:21:00Z,1,SAMEA3904717,8395,Illumina,typically occupied,ERP014653,8395,300,mechanical ventilation
0,ERR1332635,0,WGS,202,9021926,PRJEB13117,SAMEA3904718,goverment,urban,built environment,5581521,0,NASEER,2013-10-16,public,"run.zq,sra,fastq","ena,s3,gs,ncbi","ena,s3.us-east-1,ncbi.public,gs.US",2016-05-19,2016-05-19,2018-11-16,2016-10-21,Builtin,hospital,surface,ERX1404227,SAMEA3904718,electrostatic air treatment,USA,North America,USA,41.779857,-87.600099,forced air system,bedroom,Naseer,Naseer,2016-05-19T17:00:53Z,2016-10-21T09:42:54Z,public,Illumina HiSeq 1500,metagenome,unspecified,PAIRED,RANDOM PCR,METAGENOMIC,electric light,100,100,10000,metagenome,ILLUMINA,hospital metagenome,0,2016-05-20T00:00:00Z,2016-05-20T18:21:00Z,1,SAMEA3904718,8396,Illumina,typically occupied,ERP014653,8396,300,mechanical ventilation
0,ERR1332636,0,WGS,202,1749486448,PRJEB13117,SAMEA3904719,goverment,urban,built environment,1024645530,0,NASEER,2013-10-16,public,"sra,fastq,run.zq","ena,s3,ncbi,gs","ena,ncbi.public,gs.US,s3.us-east-1",2016-05-19,2016-05-19,2018-11-16,2016-10-21,Builtin,hospital,surface,ERX1404228,SAMEA3904719,electrostatic air treatment,USA,North America,USA,41.779857,-87.600099,forced air system,bedroom,Naseer,Naseer,2016-05-19T17:00:53Z,2016-10-21T09:42:54Z,public,Illumina HiSeq 1500,metagenome,unspecified,PAIRED,RANDOM PCR,METAGENOMIC,electric light,100,100,10000,metagenome,ILLUMINA,hospital metagenome,0,2016-05-20T00:00:00Z,2016-05-20T18:21:00Z,1,SAMEA3904719,8402,Illumina,typically occupied,ERP014653,8402,300,mechanical ventilation
